[
  {
    "id": 1,
    "productId": 1,
    "productName": "블루다이아몬드 캘리포니아 아몬드",
    "currentStock": 45,
    "minStock": 20,
    "maxStock": 100,
    "reorderPoint": 25,
    "floor": 3,
    "location": "A-301",
    "lastRestocked": "2024-01-10T14:30:00Z",
    "expiryDate": "2024-06-15T00:00:00Z",
    "status": "sufficient",
    "supplier": "코스트코",
    "unitCost": 15000,
    "totalValue": 675000
  },
  {
    "id": 2,
    "productId": 2,
    "productName": "닥터유 단백질바",
    "currentStock": 15,
    "minStock": 30,
    "maxStock": 80,
    "reorderPoint": 35,
    "floor": 5,
    "location": "B-502",
    "lastRestocked": "2024-01-08T10:15:00Z",
    "expiryDate": "2024-04-20T00:00:00Z",
    "status": "low",
    "supplier": "이마트",
    "unitCost": 3500,
    "totalValue": 52500
  },
  {
    "id": 3,
    "productId": 3,
    "productName": "하루견과",
    "currentStock": 8,
    "minStock": 25,
    "maxStock": 75,
    "reorderPoint": 30,
    "floor": 7,
    "location": "C-701",
    "lastRestocked": "2024-01-05T16:45:00Z",
    "expiryDate": "2024-05-10T00:00:00Z",
    "status": "critical",
    "supplier": "CU편의점",
    "unitCost": 8000,
    "totalValue": 64000
  },
  {
    "id": 4,
    "productId": 4,
    "productName": "곤약젤리 (헬로네이처)",
    "currentStock": 60,
    "minStock": 15,
    "maxStock": 90,
    "reorderPoint": 20,
    "floor": 2,
    "location": "D-201",
    "lastRestocked": "2024-01-12T11:20:00Z",
    "expiryDate": "2024-03-30T00:00:00Z",
    "status": "sufficient",
    "supplier": "GS25",
    "unitCost": 2000,
    "totalValue": 120000
  },
  {
    "id": 5,
    "productId": 5,
    "productName": "불가리스",
    "currentStock": 25,
    "minStock": 40,
    "maxStock": 120,
    "reorderPoint": 45,
    "floor": 1,
    "location": "E-101",
    "lastRestocked": "2024-01-09T13:10:00Z",
    "expiryDate": "2024-02-15T00:00:00Z",
    "status": "low",
    "supplier": "롯데마트",
    "unitCost": 1500,
    "totalValue": 37500
  }
]
