[
  {
    "id": 1,
    "orderNumber": "ORD-2024-001",
    "productId": 2,
    "productName": "닥터유 단백질바",
    "quantity": 50,
    "unitPrice": 3500,
    "totalAmount": 175000,
    "supplier": "이마트",
    "orderDate": "2024-01-13T09:30:00Z",
    "expectedDelivery": "2024-01-16T00:00:00Z",
    "status": "pending",
    "orderType": "manual",
    "requestedBy": "김철수",
    "notes": "긴급 발주 - 재고 부족",
    "trackingNumber": null
  },
  {
    "id": 2,
    "orderNumber": "ORD-2024-002",
    "productId": 3,
    "productName": "하루견과",
    "quantity": 30,
    "unitPrice": 8000,
    "totalAmount": 240000,
    "supplier": "CU편의점",
    "orderDate": "2024-01-14T14:15:00Z",
    "expectedDelivery": "2024-01-17T00:00:00Z",
    "status": "shipped",
    "orderType": "automatic",
    "requestedBy": "시스템",
    "notes": "자동 재주문 - 최소 재고 도달",
    "trackingNumber": "CU123456789"
  },
  {
    "id": 3,
    "orderNumber": "ORD-2024-003",
    "productId": 5,
    "productName": "불가리스",
    "quantity": 80,
    "unitPrice": 1500,
    "totalAmount": 120000,
    "supplier": "롯데마트",
    "orderDate": "2024-01-12T16:45:00Z",
    "expectedDelivery": "2024-01-15T00:00:00Z",
    "status": "delivered",
    "orderType": "manual",
    "requestedBy": "이영희",
    "notes": "정기 발주",
    "trackingNumber": "LT987654321"
  }
]
