[
  {
    "id": 1,
    "name": "블루다이아몬드 캘리포니아 아몬드",
    "category": "견과류",
    "barcode": "8801234567890",
    "brand": "블루다이아몬드",
    "servingSize": 30,
    "nutritionPer100g": {
      "calories": 579,
      "protein": 21.2,
      "fat": 49.9,
      "carbs": 21.6,
      "fiber": 12.5,
      "sugar": 4.4,
      "sodium": 1
    },
    "caloriesPerServing": 174,
    "healthRating": "A",
    "allergens": ["견과류"],
    "ingredients": ["아몬드"],
    "price": 15000,
    "supplier": "코스트코",
    "image": "/almond.jpg",
    "createdAt": "2024-01-15T09:00:00Z",
    "updatedAt": "2024-01-15T09:00:00Z"
  },
  {
    "id": 2,
    "name": "닥터유 단백질바",
    "category": "단백질바",
    "barcode": "8801234567891",
    "brand": "닥터유",
    "servingSize": 60,
    "nutritionPer100g": {
      "calories": 380,
      "protein": 20.0,
      "fat": 12.0,
      "carbs": 45.0,
      "fiber": 8.0,
      "sugar": 15.0,
      "sodium": 200
    },
    "caloriesPerServing": 228,
    "healthRating": "B",
    "allergens": ["대두", "우유"],
    "ingredients": ["대두단백", "견과류", "코코아"],
    "price": 3500,
    "supplier": "이마트",
    "image": "/protein-bar.jpg",
    "createdAt": "2024-01-15T09:00:00Z",
    "updatedAt": "2024-01-15T09:00:00Z"
  },
  {
    "id": 3,
    "name": "하루견과",
    "category": "견과류",
    "barcode": "8801234567892",
    "brand": "하루견과",
    "servingSize": 25,
    "nutritionPer100g": {
      "calories": 550,
      "protein": 18.0,
      "fat": 45.0,
      "carbs": 20.0,
      "fiber": 10.0,
      "sugar": 5.0,
      "sodium": 5
    },
    "caloriesPerServing": 138,
    "healthRating": "A",
    "allergens": ["견과류"],
    "ingredients": ["아몬드", "호두", "캐슈넛"],
    "price": 8000,
    "supplier": "CU편의점",
    "image": "/mixed-nuts.jpg",
    "createdAt": "2024-01-15T09:00:00Z",
    "updatedAt": "2024-01-15T09:00:00Z"
  },
  {
    "id": 4,
    "name": "곤약젤리 (헬로네이처)",
    "category": "젤리",
    "barcode": "8801234567893",
    "brand": "헬로네이처",
    "servingSize": 150,
    "nutritionPer100g": {
      "calories": 25,
      "protein": 0.1,
      "fat": 0.0,
      "carbs": 6.0,
      "fiber": 3.0,
      "sugar": 3.0,
      "sodium": 50
    },
    "caloriesPerServing": 38,
    "healthRating": "A+",
    "allergens": [],
    "ingredients": ["곤약", "과일농축액", "구연산"],
    "price": 2000,
    "supplier": "GS25",
    "image": "/konjac-jelly.jpg",
    "createdAt": "2024-01-15T09:00:00Z",
    "updatedAt": "2024-01-15T09:00:00Z"
  },
  {
    "id": 5,
    "name": "불가리스",
    "category": "요거트",
    "barcode": "8801234567894",
    "brand": "불가리스",
    "servingSize": 200,
    "nutritionPer100g": {
      "calories": 65,
      "protein": 3.2,
      "fat": 1.5,
      "carbs": 10.0,
      "fiber": 0.0,
      "sugar": 9.5,
      "sodium": 45
    },
    "caloriesPerServing": 130,
    "healthRating": "B+",
    "allergens": ["우유"],
    "ingredients": ["우유", "유산균", "설탕"],
    "price": 1500,
    "supplier": "롯데마트",
    "image": "/yogurt.jpg",
    "createdAt": "2024-01-15T09:00:00Z",
    "updatedAt": "2024-01-15T09:00:00Z"
  }
]
