[
  {
    "id": "1",
    "name": "김철수",
    "employeeId": "EMP001",
    "email": "kim.cs@company.com",
    "department": "개발팀",
    "position": "시니어 개발자",
    "age": 32,
    "gender": "male",
    "height": 175,
    "weight": 70,
    "bmi": 22.9,
    "bmiCategory": "정상",
    "diabetes": false,
    "hypertension": false,
    "allergies": ["견과류"],
    "createdAt": "2024-01-15T09:00:00.000Z",
    "updatedAt": "2024-01-15T09:00:00.000Z"
  },
  {
    "id": "2",
    "name": "이영희",
    "employeeId": "EMP002",
    "email": "lee.yh@company.com",
    "department": "마케팅팀",
    "position": "팀장",
    "age": 28,
    "gender": "female",
    "height": 162,
    "weight": 55,
    "bmi": 21.0,
    "bmiCategory": "정상",
    "diabetes": false,
    "hypertension": false,
    "allergies": [],
    "createdAt": "2024-01-15T10:30:00.000Z",
    "updatedAt": "2024-01-15T10:30:00.000Z"
  },
  {
    "id": "3",
    "name": "박민수",
    "employeeId": "EMP003",
    "email": "park.ms@company.com",
    "department": "인사팀",
    "position": "대리",
    "age": 35,
    "gender": "male",
    "height": 180,
    "weight": 85,
    "bmi": 26.2,
    "bmiCategory": "과체중",
    "diabetes": true,
    "hypertension": false,
    "allergies": ["유제품", "갑각류"],
    "createdAt": "2024-01-15T11:15:00.000Z",
    "updatedAt": "2024-01-15T11:15:00.000Z"
  }
]
